{"properties": [
  {
    "name": "spring.application.config.import",
    "type": "java.lang.String",
    "description": "A description for 'spring.application.config.import'"
  },
  {
    "name": "spring.application.cloud.config.uri",
    "type": "java.lang.String",
    "description": "A description for 'spring.application.cloud.config.uri'"
  },
  {
    "name": "spring.application.profiles.active",
    "type": "java.lang.String",
    "description": "A description for 'spring.application.profiles.active'"
  }
]}